[{"id":"5511964681806@s.whatsapp.net","uang":211139},{"id":"5519982985523@s.whatsapp.net","uang":234976},{"id":"559184035474@s.whatsapp.net","uang":268746},{"id":"556286234865@s.whatsapp.net","uang":135979},{"id":"553191247863@s.whatsapp.net","uang":100203},{"id":"555399035138@s.whatsapp.net","uang":281467},{"id":"5511988985726@s.whatsapp.net","uang":234294},{"id":"553298531350@s.whatsapp.net","uang":374681},{"id":"18064824228@s.whatsapp.net","uang":108138},{"id":"558494732434@s.whatsapp.net","uang":248981},{"id":"5521998376277@s.whatsapp.net","uang":40928},{"id":"5511979857546@s.whatsapp.net","uang":99036},{"id":"559294450170@s.whatsapp.net","uang":106591},{"id":"556198199034@s.whatsapp.net","uang":59437},{"id":"556199013841@s.whatsapp.net","uang":128949},{"id":"558597917367@s.whatsapp.net","uang":137176},{"id":"558599895391@s.whatsapp.net","uang":175784},{"id":"5527992351023@s.whatsapp.net","uang":305655},{"id":"554797646916@s.whatsapp.net","uang":255771},{"id":"553180162751@s.whatsapp.net","uang":103641},{"id":"556296188838@s.whatsapp.net","uang":49654},{"id":"5511958312208@s.whatsapp.net","uang":107285},{"id":"558398419055@s.whatsapp.net","uang":27287},{"id":"554791348240@s.whatsapp.net","uang":126954},{"id":"559188798825@s.whatsapp.net","uang":67780},{"id":"5527995105103@s.whatsapp.net","uang":36076},{"id":"556696240884@s.whatsapp.net","uang":52939},{"id":"557999843042@s.whatsapp.net","uang":79592},{"id":"558386737669@s.whatsapp.net","uang":49444},{"id":"554298485953@s.whatsapp.net","uang":91271},{"id":"5521981689107@s.whatsapp.net","uang":113030},{"id":"557187215035@s.whatsapp.net","uang":54249},{"id":"555192408391@s.whatsapp.net","uang":19641},{"id":"558488993999@s.whatsapp.net","uang":35506},{"id":"554187855836@s.whatsapp.net","uang":102659},{"id":"554185005202@s.whatsapp.net","uang":39674},{"id":"556384424440@s.whatsapp.net","uang":84560},{"id":"553195760666@s.whatsapp.net","uang":136492},{"id":"5515997582807@s.whatsapp.net","uang":16943},{"id":"554399737646@s.whatsapp.net","uang":23711},{"id":"554291452626@s.whatsapp.net","uang":79561},{"id":"557999499184@s.whatsapp.net","uang":230253},{"id":"559184135976@s.whatsapp.net","uang":66506},{"id":"559185043253@s.whatsapp.net","uang":77134},{"id":"556193820962@s.whatsapp.net","uang":33270},{"id":"554896983180@s.whatsapp.net","uang":28818},{"id":"555191617886@s.whatsapp.net","uang":27003},{"id":"5515998268136@s.whatsapp.net","uang":54027},{"id":"552192539941@s.whatsapp.net","uang":60756},{"id":"559191707457@s.whatsapp.net","uang":13479},{"id":"555399373754@s.whatsapp.net","uang":12300},{"id":"559681426125@s.whatsapp.net","uang":14686},{"id":"558899310643@s.whatsapp.net","uang":46693},{"id":"5521985770889@s.whatsapp.net","uang":51765},{"id":"554197874661@s.whatsapp.net","uang":134197},{"id":"556384150333@s.whatsapp.net","uang":31867},{"id":"554196526761@s.whatsapp.net","uang":109271},{"id":"5521967258754@s.whatsapp.net","uang":61050},{"id":"559199142388@s.whatsapp.net","uang":43172},{"id":"351914234283@s.whatsapp.net","uang":19905},{"id":"5514996541467@s.whatsapp.net","uang":32931},{"id":"5518996749318@s.whatsapp.net","uang":15591},{"id":"554184304313@s.whatsapp.net","uang":18894},{"id":"554784389884@s.whatsapp.net","uang":17916},{"id":"554396466824@s.whatsapp.net","uang":37597},{"id":"559188556335@s.whatsapp.net","uang":66145},{"id":"559981088402@s.whatsapp.net","uang":9018},{"id":"5511984618028@s.whatsapp.net","uang":32543},{"id":"556899594092@s.whatsapp.net","uang":15395},{"id":"5515991567260@s.whatsapp.net","uang":13847},{"id":"556199589604@s.whatsapp.net","uang":11553},{"id":"5521991835416@s.whatsapp.net","uang":12392},{"id":"555198287974@s.whatsapp.net","uang":11805},{"id":"557391944397@s.whatsapp.net","uang":51275},{"id":"553498401247@s.whatsapp.net","uang":8034},{"id":"557398702002@s.whatsapp.net","uang":15674},{"id":"5511964599892@s.whatsapp.net","uang":28468},{"id":"553299362343@s.whatsapp.net","uang":18257},{"id":"554796453845@s.whatsapp.net","uang":27831},{"id":"556196619769@s.whatsapp.net","uang":7601},{"id":"556296936764@s.whatsapp.net","uang":45203},{"id":"559196186812@s.whatsapp.net","uang":7297},{"id":"258844795677@s.whatsapp.net","uang":50909},{"id":"554998177318@s.whatsapp.net","uang":66139},{"id":"556285279349@s.whatsapp.net","uang":17510},{"id":"553189647837@s.whatsapp.net","uang":193029},{"id":"557996329352@s.whatsapp.net","uang":14243},{"id":"558587531897@s.whatsapp.net","uang":15244},{"id":"5514988267307@s.whatsapp.net","uang":22381},{"id":"555185219848@s.whatsapp.net","uang":26204},{"id":"5521971002426@s.whatsapp.net","uang":6196},{"id":"5511949907065@s.whatsapp.net","uang":22451},{"id":"258843717556@s.whatsapp.net","uang":16585},{"id":"556198272207@s.whatsapp.net","uang":52126},{"id":"559185162482@s.whatsapp.net","uang":55634},{"id":"559189655277@s.whatsapp.net","uang":21763},{"id":"559691459976@s.whatsapp.net","uang":4815},{"id":"555195969844@s.whatsapp.net","uang":5504},{"id":"556283296442@s.whatsapp.net","uang":20778},{"id":"555197288320@s.whatsapp.net","uang":8614},{"id":"556899265179@s.whatsapp.net","uang":21570},{"id":"558591820077@s.whatsapp.net","uang":11579},{"id":"5521984041605@s.whatsapp.net","uang":7927},{"id":"553199040427@s.whatsapp.net","uang":4246},{"id":"5511952151985@s.whatsapp.net","uang":4264},{"id":"994406445183@s.whatsapp.net","uang":4580},{"id":"559981689179@s.whatsapp.net","uang":60632},{"id":"559192359119@s.whatsapp.net","uang":7821},{"id":"555599970223@s.whatsapp.net","uang":3608},{"id":"554497553835@s.whatsapp.net","uang":8609},{"id":"554498919550@s.whatsapp.net","uang":12874},{"id":"558588968147@s.whatsapp.net","uang":12034},{"id":"5511970745823@s.whatsapp.net","uang":9987},{"id":"554898379217@s.whatsapp.net","uang":15887},{"id":"558586467639@s.whatsapp.net","uang":5853},{"id":"559899848397@s.whatsapp.net","uang":6120},{"id":"5516988260229@s.whatsapp.net","uang":2969},{"id":"5518997531759@s.whatsapp.net","uang":3032},{"id":"556593625556@s.whatsapp.net","uang":6153},{"id":"5527995196912@s.whatsapp.net","uang":22122},{"id":"554192747232@s.whatsapp.net","uang":29035},{"id":"559491343970@s.whatsapp.net","uang":3067},{"id":"5511991558233@s.whatsapp.net","uang":5504},{"id":"556292280669@s.whatsapp.net","uang":3910},{"id":"258843877816@s.whatsapp.net","uang":3599},{"id":"5518996262848@s.whatsapp.net","uang":40827},{"id":"559192182897@s.whatsapp.net","uang":8545},{"id":"558293239535@s.whatsapp.net","uang":68360},{"id":"5511943731042@s.whatsapp.net","uang":13660},{"id":"5513996266926@s.whatsapp.net","uang":2421},{"id":"559299839173@s.whatsapp.net","uang":60962},{"id":"557391409217@s.whatsapp.net","uang":2735},{"id":"5513981275673@s.whatsapp.net","uang":4335},{"id":"554896514674@s.whatsapp.net","uang":21810},{"id":"558589941372@s.whatsapp.net","uang":79694},{"id":"556381449846@s.whatsapp.net","uang":17035},{"id":"559891684303@s.whatsapp.net","uang":50917},{"id":"556391181269@s.whatsapp.net","uang":11930},{"id":"557988721575@s.whatsapp.net","uang":4419},{"id":"556493386272@s.whatsapp.net","uang":46086},{"id":"559491124160@s.whatsapp.net","uang":1516},{"id":"258862264853@s.whatsapp.net","uang":1506},{"id":"5521971696779@s.whatsapp.net","uang":2925},{"id":"557582689999@s.whatsapp.net","uang":3406},{"id":"556899839299@s.whatsapp.net","uang":6329},{"id":"447418335403@s.whatsapp.net","uang":4117},{"id":"559891653646@s.whatsapp.net","uang":3688},{"id":"554298567347@s.whatsapp.net","uang":13803},{"id":"553597403841@s.whatsapp.net","uang":3527},{"id":"553173548970@s.whatsapp.net","uang":6518},{"id":"559182443158@s.whatsapp.net","uang":1235},{"id":"5521992208291@s.whatsapp.net","uang":1027},{"id":"558695331464@s.whatsapp.net","uang":12485},{"id":"554599432716@s.whatsapp.net","uang":1620},{"id":"554884213536@s.whatsapp.net","uang":3675},{"id":"559294681097@s.whatsapp.net","uang":1242},{"id":"555192405159@s.whatsapp.net","uang":2634},{"id":"258846696797@s.whatsapp.net","uang":755},{"id":"5521974142935@s.whatsapp.net","uang":661},{"id":"5518996478533@s.whatsapp.net","uang":6488},{"id":"555499637658@s.whatsapp.net","uang":845},{"id":"5527997456694@s.whatsapp.net","uang":20015},{"id":"558494116887@s.whatsapp.net","uang":16425},{"id":"559183493088@s.whatsapp.net","uang":6599},{"id":"559484314737@s.whatsapp.net","uang":3978},{"id":"258845403186@s.whatsapp.net","uang":469},{"id":"5511980441552@s.whatsapp.net","uang":8475},{"id":"559184691753@s.whatsapp.net","uang":4844},{"id":"258844724629@s.whatsapp.net","uang":847},{"id":"5511947472460@s.whatsapp.net","uang":466},{"id":"557996636053@s.whatsapp.net","uang":3196},{"id":"559185208887@s.whatsapp.net","uang":285},{"id":"559185807592@s.whatsapp.net","uang":284},{"id":"553398238711@s.whatsapp.net","uang":1410},{"id":"5511937737590@s.whatsapp.net","uang":288},{"id":"559388029975@s.whatsapp.net","uang":666},{"id":"5511967836983@s.whatsapp.net","uang":6145},{"id":"5521988569891@s.whatsapp.net","uang":2180},{"id":"559391257820@s.whatsapp.net","uang":29507},{"id":"554197621587@s.whatsapp.net","uang":378},{"id":"558681300029@s.whatsapp.net","uang":99},{"id":"5516997420725@s.whatsapp.net","uang":2811},{"id":"558581455657@s.whatsapp.net","uang":31258},{"id":"556283114041@s.whatsapp.net","uang":96},{"id":"558197285844@s.whatsapp.net","uang":1897},{"id":"559189541560@s.whatsapp.net","uang":90},{"id":"558481547140@s.whatsapp.net","uang":645},{"id":"556293226036@s.whatsapp.net","uang":12905},{"id":"554299421859@s.whatsapp.net","uang":1418},{"id":"558396058310@s.whatsapp.net","uang":9693},{"id":"553195931928@s.whatsapp.net","uang":5780},{"id":"553299779622@s.whatsapp.net","uang":3383},{"id":"558171101903@s.whatsapp.net","uang":1984},{"id":"554191187505@s.whatsapp.net","uang":26959},{"id":"258869867121@s.whatsapp.net","uang":7754},{"id":"556385137090@s.whatsapp.net","uang":10217},{"id":"554699299597@s.whatsapp.net","uang":16219},{"id":"556295572730@s.whatsapp.net","uang":2430},{"id":"5511962838546@s.whatsapp.net","uang":33360},{"id":"5515996130941@s.whatsapp.net","uang":6124},{"id":"5511988425911@s.whatsapp.net","uang":658},{"id":"258873560081@s.whatsapp.net","uang":2096},{"id":"558581236723@s.whatsapp.net","uang":1510},{"id":"556781763898@s.whatsapp.net","uang":3794},{"id":"559293283300@s.whatsapp.net","uang":578},{"id":"559299872040@s.whatsapp.net","uang":276},{"id":"558582259872@s.whatsapp.net","uang":4342},{"id":"556596203870@s.whatsapp.net","uang":3201},{"id":"5515991637996@s.whatsapp.net","uang":376},{"id":"5511984628131@s.whatsapp.net","uang":743},{"id":"559199411665@s.whatsapp.net","uang":4358},{"id":"5518997240325@s.whatsapp.net","uang":278},{"id":"554591433391@s.whatsapp.net","uang":14924},{"id":"558398299016@s.whatsapp.net","uang":95339},{"id":"556798776894@s.whatsapp.net","uang":4261},{"id":"5511952485924@s.whatsapp.net","uang":287},{"id":"556592163156@s.whatsapp.net","uang":185},{"id":"559784239970@s.whatsapp.net","uang":9665},{"id":"6282382895228@s.whatsapp.net","uang":745},{"id":"556198095075@s.whatsapp.net","uang":17428},{"id":"556599373634@s.whatsapp.net","uang":938},{"id":"557991824342@s.whatsapp.net","uang":72260},{"id":"558898054580@s.whatsapp.net","uang":151203},{"id":"5511942623147@s.whatsapp.net","uang":176115},{"id":"553797790365@s.whatsapp.net","uang":20378},{"id":"559293082893@s.whatsapp.net","uang":768},{"id":"5516988556807@s.whatsapp.net","uang":7538},{"id":"558491082132@s.whatsapp.net","uang":4065},{"id":"554896234511@s.whatsapp.net","uang":379},{"id":"559892141014@s.whatsapp.net","uang":3688},{"id":"5511945769307@s.whatsapp.net","uang":1715},{"id":"5517988431319@s.whatsapp.net","uang":22362},{"id":"554598326175@s.whatsapp.net","uang":22062},{"id":"554591386965@s.whatsapp.net","uang":20423},{"id":"5513996086012@s.whatsapp.net","uang":0},{"id":"553387512904@s.whatsapp.net","uang":65738},{"id":"559784122591@s.whatsapp.net","uang":563},{"id":"5518981311219@s.whatsapp.net","uang":563},{"id":"559982770865@s.whatsapp.net","uang":1433},{"id":"5511949119225@s.whatsapp.net","uang":2703},{"id":"554298000277@s.whatsapp.net","uang":13098},{"id":"559181449982@s.whatsapp.net","uang":1963},{"id":"555192828726@s.whatsapp.net","uang":53135},{"id":"558387018246@s.whatsapp.net","uang":4343},{"id":"5511977271267@s.whatsapp.net","uang":56986},{"id":"554195625075@s.whatsapp.net","uang":1130},{"id":"556294031843@s.whatsapp.net","uang":8470},{"id":"553188112332@s.whatsapp.net","uang":3399},{"id":"5519999813057@s.whatsapp.net","uang":8226},{"id":"558599337793@s.whatsapp.net","uang":2903},{"id":"5511970886954@s.whatsapp.net","uang":1687},{"id":"559996518751@s.whatsapp.net","uang":3182},{"id":"5522999210088@s.whatsapp.net","uang":11156},{"id":"559691409651@s.whatsapp.net","uang":14273},{"id":"556799449904@s.whatsapp.net","uang":3283},{"id":"556793248390@s.whatsapp.net","uang":1697},{"id":"554298645790@s.whatsapp.net","uang":192},{"id":"558393987377@s.whatsapp.net","uang":9568},{"id":"555181879203@s.whatsapp.net","uang":16492},{"id":"13068055169@s.whatsapp.net","uang":7102},{"id":"5528999205047@s.whatsapp.net","uang":1698},{"id":"557999908001@s.whatsapp.net","uang":3716},{"id":"554196704288@s.whatsapp.net","uang":17280},{"id":"5512981477612@s.whatsapp.net","uang":4441},{"id":"555196648712@s.whatsapp.net","uang":23130},{"id":"13435005847@s.whatsapp.net","uang":4426},{"id":"18637778932@s.whatsapp.net","uang":12016},{"id":"553898905685@s.whatsapp.net","uang":20023},{"id":"558296078356@s.whatsapp.net","uang":3601},{"id":"559892131715@s.whatsapp.net","uang":1806},{"id":"558487943629@s.whatsapp.net","uang":7117},{"id":"559584045954@s.whatsapp.net","uang":1417},{"id":"559293433933@s.whatsapp.net","uang":2385},{"id":"558581455657@s.whatsapp.net","uang":47835},{"id":"5522981741282@s.whatsapp.net","uang":30697},{"id":"258878102004@s.whatsapp.net","uang":385},{"id":"5518991038956@s.whatsapp.net","uang":2927},{"id":"557196243357@s.whatsapp.net","uang":2579},{"id":"5521969013327@s.whatsapp.net","uang":1339},{"id":"5514997645220@s.whatsapp.net","uang":40639},{"id":"556299690683@s.whatsapp.net","uang":4331},{"id":"5519982511379@s.whatsapp.net","uang":57545},{"id":"5511957467193@s.whatsapp.net","uang":24555},{"id":"554784212314@s.whatsapp.net","uang":5492},{"id":"13069942580@s.whatsapp.net","uang":3194},{"id":"5513991993669@s.whatsapp.net","uang":10216},{"id":"5513991229377@s.whatsapp.net","uang":10229},{"id":"553898516060@s.whatsapp.net","uang":20426},{"id":"554599044496@s.whatsapp.net","uang":31073},{"id":"5521989441870@s.whatsapp.net","uang":9108},{"id":"17743770417@s.whatsapp.net","uang":8866},{"id":"554891210712@s.whatsapp.net","uang":562},{"id":"558981277882@s.whatsapp.net","uang":3658},{"id":"5511996563452@s.whatsapp.net","uang":2439},{"id":"554388359490@s.whatsapp.net","uang":5187},{"id":"5511983181805@s.whatsapp.net","uang":10193},{"id":"558499014624@s.whatsapp.net","uang":134279},{"id":"559192838373@s.whatsapp.net","uang":10501},{"id":"559191650025@s.whatsapp.net","uang":11067},{"id":"558396308268@s.whatsapp.net","uang":2841},{"id":"555180354131@s.whatsapp.net","uang":2913},{"id":"556792469529@s.whatsapp.net","uang":6447},{"id":"558694902070@s.whatsapp.net","uang":38371},{"id":"555193858274@s.whatsapp.net","uang":9168},{"id":"558781783366@s.whatsapp.net","uang":11322},{"id":"556592451566@s.whatsapp.net","uang":20060},{"id":"5524992055609@s.whatsapp.net","uang":16677},{"id":"5518996779013@s.whatsapp.net","uang":8590},{"id":"557399483717@s.whatsapp.net","uang":2656},{"id":"559884859338@s.whatsapp.net","uang":755},{"id":"5519982141977@s.whatsapp.net","uang":5198},{"id":"559180733687@s.whatsapp.net","uang":8442},{"id":"559292708365@s.whatsapp.net","uang":17876},{"id":"5511941660193@s.whatsapp.net","uang":1775},{"id":"558699384979@s.whatsapp.net","uang":4912},{"id":"554896751233@s.whatsapp.net","uang":4056},{"id":"5511951342889@s.whatsapp.net","uang":12898},{"id":"558183641365@s.whatsapp.net","uang":3404},{"id":"554384524922@s.whatsapp.net","uang":4478},{"id":"5519983733591@s.whatsapp.net","uang":31324},{"id":"5515998324153@s.whatsapp.net","uang":13973},{"id":"553591568843@s.whatsapp.net","uang":86296},{"id":"559294487685@s.whatsapp.net","uang":6866},{"id":"559293893602@s.whatsapp.net","uang":386},{"id":"5516988673362@s.whatsapp.net","uang":90},{"id":"558199176426@s.whatsapp.net","uang":655},{"id":"5524999066877@s.whatsapp.net","uang":26316},{"id":"5521972174056@s.whatsapp.net","uang":56542},{"id":"5511962564714@s.whatsapp.net","uang":25819},{"id":"5522998836217@s.whatsapp.net","uang":32136},{"id":"5522988243242@s.whatsapp.net","uang":1898},{"id":"558196793433@s.whatsapp.net","uang":5578},{"id":"5522997273800@s.whatsapp.net","uang":850},{"id":"5511944533687@s.whatsapp.net","uang":2737},{"id":"557498038901@s.whatsapp.net","uang":17728},{"id":"258876349935@s.whatsapp.net","uang":189},{"id":"556992591412@s.whatsapp.net","uang":3404},{"id":"5522988150072@s.whatsapp.net","uang":9891},{"id":"16393988875@s.whatsapp.net","uang":91},{"id":"554896789407@s.whatsapp.net","uang":39073},{"id":"556696142343@s.whatsapp.net","uang":1588},{"id":"556384294383@s.whatsapp.net","uang":377},{"id":"556194419838@s.whatsapp.net","uang":24131},{"id":"554588006040@s.whatsapp.net","uang":7093},{"id":"554791969036@s.whatsapp.net","uang":13902},{"id":"555481531782@s.whatsapp.net","uang":189},{"id":"559191393773@s.whatsapp.net","uang":3687},{"id":"558598134059@s.whatsapp.net","uang":8042},{"id":"558599893924@s.whatsapp.net","uang":1227},{"id":"554898549073@s.whatsapp.net","uang":2446},{"id":"554299461575@s.whatsapp.net","uang":5083},{"id":"559181661884@s.whatsapp.net","uang":93},{"id":"558496136817@s.whatsapp.net","uang":557},{"id":"553191117934@s.whatsapp.net","uang":21483},{"id":"559184726680@s.whatsapp.net","uang":32282},{"id":"5517991397624@s.whatsapp.net","uang":5000},{"id":"559391836205@s.whatsapp.net","uang":97},{"id":"5511944017896@s.whatsapp.net","uang":285},{"id":"559891820642@s.whatsapp.net","uang":11624},{"id":"556282365581@s.whatsapp.net","uang":4553},{"id":"258873886595@s.whatsapp.net","uang":5016},{"id":"558592921351@s.whatsapp.net","uang":1614},{"id":"5511978781430@s.whatsapp.net","uang":1427},{"id":"258842989410@s.whatsapp.net","uang":10431},{"id":"258855666215@s.whatsapp.net","uang":1436},{"id":"258855050973@s.whatsapp.net","uang":4452},{"id":"559391114049@s.whatsapp.net","uang":4532},{"id":"557996888906@s.whatsapp.net","uang":14922},{"id":"258874754877@s.whatsapp.net","uang":9414},{"id":"5516981609360@s.whatsapp.net","uang":12808},{"id":"558594441816@s.whatsapp.net","uang":8350},{"id":"559188216608@s.whatsapp.net","uang":1042},{"id":"556385009238@s.whatsapp.net","uang":122808},{"id":"558896220381@s.whatsapp.net","uang":193},{"id":"5519995947884@s.whatsapp.net","uang":6662},{"id":"556798977198@s.whatsapp.net","uang":3323},{"id":"559491137431@s.whatsapp.net","uang":1319},{"id":"558994265782@s.whatsapp.net","uang":476},{"id":"5511957310082@s.whatsapp.net","uang":838},{"id":"258847689302@s.whatsapp.net","uang":11684},{"id":"258852516983@s.whatsapp.net","uang":4370},{"id":"558396364811@s.whatsapp.net","uang":7185},{"id":"554195398790@s.whatsapp.net","uang":3938},{"id":"558988110472@s.whatsapp.net","uang":1693},{"id":"557996377856@s.whatsapp.net","uang":8891},{"id":"557996714055@s.whatsapp.net","uang":2671},{"id":"258865010307@s.whatsapp.net","uang":14656},{"id":"258862189212@s.whatsapp.net","uang":385},{"id":"258870116658@s.whatsapp.net","uang":757},{"id":"5511949526421@s.whatsapp.net","uang":3141},{"id":"994406761835@s.whatsapp.net","uang":1516},{"id":"258847449148@s.whatsapp.net","uang":380},{"id":"258844224432@s.whatsapp.net","uang":1338},{"id":"553191462627@s.whatsapp.net","uang":667},{"id":"556999927814@s.whatsapp.net","uang":181},{"id":"558183760016@s.whatsapp.net","uang":98},{"id":"17402471094@s.whatsapp.net","uang":1117},{"id":"556593394562@s.whatsapp.net","uang":1721},{"id":"5511932150357@s.whatsapp.net","uang":10596},{"id":"554499954748@s.whatsapp.net","uang":6488},{"id":"558288298485@s.whatsapp.net","uang":478},{"id":"5516991888624@s.whatsapp.net","uang":1059}]